scene,task,layout,containers,placed,total,threshold,margin,fill,end,policy_max,next_class,next_dims,next_fits_floor,next_fits_any_face,pool_size,pool_hard,pool_any_fits_floor,pool_any_fits_any_face,soft_placed,soft_seen,prio_placed,prio_seen,soft_covered,prio_covered,topples,floor_free,strip_share,largest_rect,free_volume_share,vol_low_share,vol_pieces_share,vol_usable_share,top_max_share,gap_median_cm,gap_strip_share,archetypes
b-hard-s0001,B,hard,2,17,120,61,-44,39.98,transport,3.84,hard,0.75x0.56x0.27,False,True,3,3,False,True,0,0,4,5,0,0,0,0.253,0.644,0.66x0.58,0.362,0.038,0.258,0.067,0.962,10.92,0.5,max-footprint:7 stack-rl:4 shelf-space-saving:3 terrace-extension:3 physics-resort:1
b-hard-s0002,B,hard,2,60,112,57,3,34.16,declined,4.93,hard,0.75x0.56x0.27,False,True,3,3,False,True,0,0,5,5,0,0,0,0.364,0.444,0.96x0.34,0.442,0.033,0.409,0.0,0.971,4.83,0.359,terrace-extension:27 max-footprint:9 shelf-space-saving:6 stack-rl:5 wedge-step:4 wall-front:2
b-hard-s0003,B,hard,1,16,50,26,-10,34.26,declined,2.89,hard,0.75x0.56x0.27,False,False,10,10,False,False,0,0,2,2,0,2,0,0.31,0.653,0.56x0.30,0.46,0.023,0.344,0.093,0.915,7.28,0.241,max-footprint:6 terrace-extension:3 fallback:2 count-mode:2 wedge-step:1 shelf-space-saving:1
b-hard-s0004,B,hard,3,53,97,49,4,45.12,declined,4.91,hard,0.80x0.60x0.50,False,False,3,3,False,True,0,0,9,9,0,2,0,0.28,0.626,0.80x0.46,0.399,0.041,0.29,0.068,0.973,7.66,0.41,terrace-extension:22 max-footprint:11 stack-rl:5 front-wedge:3 priority-edge:3 shelf-space-saving:2
b-hard-s0005,B,hard,3,66,79,40,26,34.37,declined,2.28,soft,0.60x0.40x0.40,False,False,3,1,False,False,3,5,6,6,0,0,0,0.265,0.838,1.00x0.22,0.505,0.039,0.391,0.075,0.954,4.64,0.392,terrace-extension:21 max-footprint:19 shelf-space-saving:11 wedge-step:5 priority-edge:5 wall-front:2
b-hard-s0006,B,hard,1,29,41,21,8,42.43,declined,5.23,soft,0.65x0.35x0.23,False,True,12,2,False,True,13,23,0,0,0,0,0,0.28,0.84,0.46x0.28,0.312,0.044,0.269,0.0,0.931,2.73,0.219,physics-resort:7 shelf-space-saving:6 terrace-extension:6 max-footprint:5 wedge-step:2 wall-front:1
b-hard-s0007,B,hard,2,47,104,53,-6,27.57,declined,6.07,soft,0.60x0.40x0.40,False,False,10,3,False,False,23,30,17,17,3,0,0,0.193,0.911,2.06x0.06,0.654,0.008,0.647,0.0,0.923,2.9,0.154,pocket-soft:11 soft-edge:7 stack-rl:7 priority-edge:4 terrace-extension:4 shelf-space-saving:3
b-hard-s0008,B,hard,1,21,59,30,-9,29.74,declined,6.62,soft,0.60x0.40x0.40,False,False,5,0,False,False,21,26,0,0,0,0,0,0.285,0.897,1.14x0.12,0.472,0.027,0.445,0.0,0.848,3.31,0.264,pocket-soft:7 shelf-space-saving:6 soft-edge:6 stack-rl:1 physics-resort:1
b-hard-s0009,B,hard,2,43,65,33,10,31.19,declined,6.35,soft,0.65x0.35x0.23,False,False,20,3,False,False,7,24,9,9,0,0,0,0.243,0.844,1.30x0.18,0.533,0.022,0.511,0.0,0.973,4.43,0.406,max-footprint:14 terrace-extension:14 shelf-space-saving:4 wedge-step:3 sp-cluster:2 stack-rl:2
b-hard-s0010,B,hard,3,66,93,47,19,30.55,declined,5.89,hard,0.75x0.56x0.27,False,False,3,3,False,True,22,22,7,7,0,0,0,0.293,0.66,1.04x0.30,0.551,0.008,0.533,0.01,0.961,4.62,0.46,terrace-extension:18 shelf-space-saving:14 max-footprint:10 wedge-step:5 pocket-soft:4 priority-edge:4
b-hard-s0011,B,hard,1,39,41,21,18,31.66,declined,2.72,soft,0.60x0.40x0.40,False,False,2,0,False,False,5,7,7,7,0,0,0,0.434,0.73,1.36x0.18,0.58,0.02,0.56,0.0,0.951,4.11,0.351,terrace-extension:13 priority-edge:6 shelf-space-saving:5 max-footprint:4 stack-rl:4 wall-front:2
b-hard-s0012,B,hard,2,43,50,26,17,30.05,declined,6.17,hard,0.65x0.45x0.25,False,True,3,3,True,True,15,15,14,14,1,0,0,0.27,0.637,0.60x0.48,0.533,0.011,0.435,0.086,0.97,2.99,0.276,shelf-space-saving:10 max-footprint:10 terrace-extension:7 stack-rl:5 pocket-soft:3 count-mode:3
b-hard-s0013,B,hard,2,40,120,61,-21,21.21,declined,7.02,soft,0.65x0.35x0.23,False,False,3,2,False,False,35,36,3,3,0,0,0,0.259,0.873,1.62x0.18,0.588,0.0,0.565,0.023,0.787,2.74,0.158,shelf-space-saving:17 soft-edge:11 pocket-soft:5 max-footprint:2 priority-edge:2 sp-cluster:1
b-hard-s0014,B,hard,2,51,101,51,0,21.41,declined,6.85,soft,0.60x0.40x0.40,True,True,5,4,True,True,29,30,6,6,0,0,2,0.272,0.591,0.72x0.66,0.664,0.005,0.569,0.091,0.899,3.2,0.198,shelf-space-saving:9 soft-edge:9 stack-rl:8 pocket-soft:6 terrace-extension:6 wedge-step:6
b-hard-s0015,B,hard,1,30,72,37,-7,43.45,declined,5.08,hard,0.75x0.56x0.27,False,False,10,7,False,True,2,5,0,0,0,0,3,0.252,0.535,0.86x0.26,0.364,0.056,0.308,0.0,0.95,11.61,0.539,terrace-extension:18 max-footprint:7 shelf-space-saving:1 wall-front:1 wedge-step:1 stack-rl:1
b-hard-s0016,B,hard,2,35,81,41,-6,44.06,declined,4.93,hard,0.80x0.60x0.50,False,False,10,7,False,False,8,11,4,4,0,0,0,0.217,0.775,0.44x0.40,0.384,0.027,0.317,0.041,0.977,4.03,0.221,terrace-extension:10 max-footprint:9 count-mode:5 stack-rl:4 shelf-space-saving:3 hole-fill:2
b-hard-s0017,B,hard,3,71,170,86,-15,28.22,declined,6.5,soft,0.65x0.35x0.23,True,True,20,6,True,True,34,48,0,0,0,0,2,0.343,0.565,0.94x0.68,0.575,0.018,0.477,0.08,0.947,4.16,0.35,pocket-soft:24 terrace-extension:18 shelf-space-saving:9 stack-rl:8 soft-edge:4 max-footprint:4
b-hard-s0018,B,hard,3,59,146,74,-15,19.78,declined,7.13,soft,0.65x0.35x0.23,True,True,3,1,True,True,45,47,2,2,0,0,0,0.255,0.67,0.70x0.42,0.614,0.004,0.609,0.0,0.922,2.8,0.27,shelf-space-saving:24 soft-edge:20 max-footprint:5 terrace-extension:5 wedge-step:2 stack-rl:2
b-hard-s0019,B,hard,2,64,126,64,0,37.23,declined,6.11,soft,0.50x0.40x0.40,False,False,10,0,True,True,7,17,3,3,0,0,1,0.341,0.531,0.60x0.40,0.384,0.047,0.337,0.0,0.957,5.64,0.407,terrace-extension:25 max-footprint:11 stack-rl:10 shelf-space-saving:7 wedge-step:5 front-wedge:2
b-hard-s0020,B,hard,1,18,75,38,-20,49.45,declined,4.75,hard,0.80x0.60x0.50,False,False,20,20,False,False,0,0,7,8,0,3,0,0.25,0.902,0.60x0.26,0.315,0.045,0.27,0.0,0.953,2.97,0.209,max-footprint:8 stack-rl:4 count-mode:3 terrace-extension:2 wedge-step:1
b-hard-s0021,B,hard,3,58,139,70,-12,40.81,declined,4.64,hard,0.80x0.60x0.50,False,False,3,3,False,False,26,26,20,20,1,0,0,0.222,0.794,0.86x0.28,0.355,0.041,0.313,0.0,0.963,3.26,0.229,shelf-space-saving:16 max-footprint:8 stack-rl:8 terrace-extension:6 wall-front:4 wedge-step:4
b-hard-s0022,B,hard,2,44,91,46,-2,34.07,declined,6.82,hard,0.55x0.40x0.24,False,False,3,2,False,False,9,10,5,5,0,0,0,0.251,0.825,1.00x0.20,0.499,0.019,0.48,0.0,0.949,7.43,0.373,terrace-extension:13 max-footprint:8 stack-rl:4 wedge-step:3 shelf-space-saving:3 pocket-soft:3
b-hard-s0023,B,hard,1,29,48,25,4,30.86,declined,5.93,soft,0.65x0.35x0.23,False,False,19,7,False,False,19,31,4,4,0,0,0,0.185,0.96,0.70x0.14,0.615,0.018,0.596,0.0,0.953,2.85,0.215,stack-rl:5 physics-resort:5 shelf-space-saving:4 soft-edge:4 pocket-soft:3 max-footprint:3
b-hard-s0024,B,hard,1,27,63,32,-5,36.78,declined,5.28,soft,0.65x0.35x0.23,False,False,5,0,False,False,27,32,6,6,0,0,0,0.227,0.942,0.28x0.24,0.508,0.02,0.489,0.0,0.915,3.2,0.125,pocket-soft:9 soft-edge:5 stack-rl:5 shelf-space-saving:4 physics-resort:3 sp-cluster:1
b-hard-s0025,B,hard,2,57,101,51,6,34.41,declined,5.9,soft,0.65x0.35x0.23,False,False,20,2,False,False,26,44,5,5,0,0,0,0.174,0.678,1.12x0.12,0.518,0.024,0.494,0.0,0.967,4.05,0.351,terrace-extension:12 stack-rl:10 max-footprint:9 physics-resort:8 shelf-space-saving:4 soft-edge:4
b-hard-s0026,B,hard,3,34,166,84,-50,43.33,declined,4.61,soft,0.60x0.40x0.40,False,False,3,0,False,False,10,13,0,0,0,0,1,0.203,0.662,1.56x0.20,0.379,0.026,0.335,0.018,0.968,3.2,0.352,max-footprint:12 shelf-space-saving:8 terrace-extension:6 physics-resort:4 stack-rl:2 plateau-merge:1
b-hard-s0027,B,hard,1,19,67,34,-15,22.63,declined,7.43,soft,0.65x0.35x0.23,False,True,10,0,False,True,19,29,0,0,0,0,0,0.37,0.241,0.60x0.32,0.622,0.0,0.622,0.0,0.702,5.86,0.349,stack-rl:7 shelf-space-saving:5 soft-edge:4 pocket-soft:3
b-hard-s0028,B,hard,2,45,98,50,-5,29.68,declined,6.35,soft,0.50x0.40x0.40,True,True,10,2,True,True,11,19,0,0,0,0,0,0.339,0.54,0.78x0.62,0.597,0.011,0.39,0.196,0.973,8.68,0.471,terrace-extension:17 max-footprint:8 shelf-space-saving:4 physics-resort:4 wedge-step:3 soft-edge:3
b-hard-s0029,B,hard,1,24,31,16,8,44.83,declined,4.2,hard,0.80x0.60x0.50,False,False,7,7,False,False,6,6,1,3,0,0,1,0.317,0.884,1.30x0.22,0.287,0.063,0.224,0.0,0.944,10.28,0.582,terrace-extension:10 max-footprint:5 stack-rl:3 physics-resort:3 shelf-space-saving:1 wedge-step:1
b-hard-s0030,B,hard,3,48,209,105,-57,39.44,declined,4.99,hard,0.80x0.60x0.50,False,False,3,3,False,True,11,11,9,9,0,1,0,0.231,0.801,0.84x0.38,0.387,0.029,0.325,0.033,0.963,4.05,0.304,max-footprint:9 terrace-extension:9 shelf-space-saving:6 soft-edge:4 stack-rl:4 count-mode:4
b-hard-s0031,B,hard,2,45,95,48,-3,35.37,declined,5.93,soft,0.60x0.40x0.40,False,False,3,0,False,False,26,29,8,8,0,0,0,0.248,0.733,0.80x0.30,0.497,0.032,0.465,0.0,0.951,4.25,0.34,shelf-space-saving:10 pocket-soft:10 max-footprint:5 stack-rl:5 wedge-step:4 terrace-extension:4
b-hard-s0032,B,hard,1,10,51,26,-16,50.53,declined,1.3,hard+prio,0.75x0.56x0.27,False,False,3,3,False,False,0,0,0,2,0,0,0,0.188,0.779,0.74x0.16,0.306,0.064,0.144,0.098,0.953,4.82,0.278,max-footprint:5 terrace-extension:5
b-hard-s0033,B,hard,3,69,144,73,-4,37.03,declined,5.27,hard+prio,0.80x0.60x0.50,False,False,5,5,False,False,0,0,9,11,0,0,1,0.256,0.776,1.08x0.20,0.479,0.024,0.431,0.025,0.971,4.23,0.382,terrace-extension:35 max-footprint:9 priority-edge:7 wall-front:6 wedge-step:5 shelf-space-saving:3
b-hard-s0034,B,hard,3,75,258,130,-55,34.25,declined,6.8,soft,0.65x0.35x0.23,False,True,10,9,False,True,21,22,17,18,2,1,0,0.243,0.719,0.68x0.36,0.521,0.022,0.484,0.015,0.976,4.02,0.32,terrace-extension:24 pocket-soft:11 wedge-step:7 physics-resort:7 shelf-space-saving:6 max-footprint:6
b-hard-s0035,B,hard,3,96,132,67,29,31.95,declined,6.54,soft,0.65x0.35x0.23,False,True,10,0,False,True,43,53,7,8,1,0,5,0.287,0.666,0.64x0.32,0.559,0.014,0.545,0.0,0.978,4.05,0.342,terrace-extension:27 stack-rl:14 physics-resort:13 shelf-space-saving:11 soft-edge:9 max-footprint:7
b-hard-s0036,B,hard,2,28,175,88,-60,46.85,declined,4.53,hard,0.80x0.60x0.50,False,False,20,7,False,False,7,20,6,7,0,0,0,0.253,0.918,1.86x0.16,0.376,0.02,0.319,0.038,0.963,4.11,0.419,max-footprint:9 terrace-extension:8 shelf-space-saving:2 stack-rl:2 physics-resort:2 wedge-step:1
b-hard-s0037,B,hard,1,21,52,27,-6,29.48,declined,5.5,soft,0.65x0.35x0.23,False,False,10,2,False,False,14,22,0,0,0,0,0,0.261,0.578,0.98x0.22,0.535,0.021,0.513,0.0,0.973,2.65,0.277,shelf-space-saving:5 physics-resort:5 terrace-extension:3 pocket-soft:2 soft-edge:2 max-footprint:2
b-hard-s0038,B,hard,1,33,73,37,-4,35.59,declined,4.69,soft,0.65x0.35x0.23,False,False,5,0,False,False,16,21,4,4,0,0,2,0.202,0.75,0.96x0.16,0.541,0.017,0.524,0.0,0.961,7.68,0.409,physics-resort:10 terrace-extension:8 max-footprint:3 soft-edge:3 shelf-space-saving:2 wall-front:2
b-hard-s0039,B,hard,1,30,54,28,2,39.37,declined,2.67,hard,0.65x0.45x0.25,False,False,5,5,False,False,4,4,4,5,0,0,0,0.208,0.908,0.34x0.26,0.446,0.023,0.423,0.0,0.943,5.0,0.264,terrace-extension:12 max-footprint:9 wedge-step:2 stack-rl:2 physics-resort:2 shelf-space-saving:1
b-hard-s0040,B,hard,1,13,41,21,-8,39.25,declined,0.65,hard,0.80x0.60x0.50,False,False,3,3,False,False,1,1,0,0,0,0,0,0.22,0.546,0.44x0.40,0.534,0.021,0.366,0.147,0.869,2.91,0.44,terrace-extension:5 max-footprint:4 shelf-space-saving:3 hole-fill:1
b-hard-s0041,B,hard,2,75,117,59,16,32.13,declined,6.25,soft,0.65x0.35x0.23,False,False,20,6,False,False,39,53,0,0,0,0,0,0.299,0.884,0.68x0.24,0.453,0.018,0.435,0.0,0.968,3.34,0.337,shelf-space-saving:20 terrace-extension:17 stack-rl:12 pocket-soft:11 soft-edge:6 max-footprint:3
b-hard-s0042,B,hard,2,51,105,53,-2,39.85,declined,4.29,soft,0.60x0.40x0.40,False,False,3,2,False,False,5,6,6,6,0,0,0,0.281,0.8,1.16x0.28,0.45,0.023,0.426,0.0,0.919,6.68,0.427,terrace-extension:14 shelf-space-saving:11 max-footprint:8 wedge-step:6 stack-rl:5 priority-edge:2
b-hard-s0043,B,hard,1,21,39,20,1,35.85,declined,4.77,soft,0.65x0.35x0.23,False,True,10,7,False,True,1,4,0,0,0,0,3,0.367,0.44,1.36x0.28,0.48,0.032,0.448,0.0,0.955,6.23,0.468,terrace-extension:11 max-footprint:4 wedge-step:2 shelf-space-saving:2 stack-rl:2
b-hard-s0044,B,hard,1,24,43,22,2,20.14,declined,6.67,soft,0.50x0.40x0.40,False,False,19,3,False,True,8,24,7,7,0,0,0,0.256,0.865,0.36x0.24,0.727,0.006,0.721,0.0,0.941,3.03,0.245,terrace-extension:7 shelf-space-saving:6 max-footprint:6 wedge-step:2 soft-edge:2 wall-front:1
b-hard-s0045,B,hard,2,42,56,29,13,31.14,declined,6.26,soft,0.50x0.40x0.40,True,True,14,3,True,True,23,34,13,13,0,1,0,0.278,0.703,0.62x0.58,0.55,0.031,0.437,0.082,0.932,2.94,0.324,shelf-space-saving:7 priority-edge:6 soft-edge:6 count-mode:6 max-footprint:4 physics-resort:4
b-hard-s0046,B,hard,2,44,125,63,-19,35.92,declined,5.61,soft,0.65x0.35x0.23,False,False,20,6,False,False,14,28,14,14,0,0,0,0.209,0.864,0.94x0.16,0.495,0.022,0.352,0.122,0.96,4.19,0.356,terrace-extension:14 max-footprint:6 stack-rl:6 priority-edge:5 sp-cluster:3 physics-resort:3
b-hard-s0047,B,hard,2,42,97,49,-7,37.02,declined,2.22,hard+prio,0.80x0.60x0.50,False,False,3,2,False,False,27,28,7,8,0,1,0,0.322,0.712,1.58x0.20,0.459,0.036,0.397,0.026,0.97,6.7,0.413,shelf-space-saving:10 pocket-soft:7 terrace-extension:6 max-footprint:5 stack-rl:4 soft-edge:3
b-hard-s0048,B,hard,1,16,40,21,-5,34.36,declined,2.16,hard,0.75x0.56x0.27,False,True,3,3,False,True,1,1,0,0,0,0,0,0.367,0.499,0.92x0.34,0.49,0.035,0.354,0.102,0.941,4.04,0.406,terrace-extension:7 max-footprint:4 shelf-space-saving:2 stack-rl:2 wedge-step:1
